<?xml version="1.0"?>
<Settings component="StartMenu" version="4.3.1">
	<MenuStyle value="Classic1"/>
	<MenuDelay value="400"/>
	<MaxMenuWidth value="60"/>
	<SkinC1 value="Classic Skin"/>
	<SkinVariationC1 value=""/>
	<SkinOptionsC1>
		<Line>CAPTION=1</Line>
		<Line>USER_IMAGE=1</Line>
		<Line>USER_NAME=1</Line>
		<Line>CENTER_NAME=1</Line>
		<Line>SMALL_ICONS=0</Line>
		<Line>THICK_BORDER=1</Line>
		<Line>SOLID_SELECTION=1</Line>
	</SkinOptionsC1>
	<SkinW7 value="Classic Skin"/>
	<SkinVariationW7 value=""/>
	<SkinOptionsW7>
		<Line>USER_IMAGE=1</Line>
		<Line>SMALL_ICONS=0</Line>
		<Line>THICK_BORDER=0</Line>
		<Line>SOLID_SELECTION=0</Line>
		<Line>rt Menu</Line>
	</SkinOptionsW7>
	<EnableStartButton value="1"/>
	<StartButtonType value="CustomButton"/>
	<StartButtonPath value="%USERPROFILE%\Downloads\Untitled222_20240721093009.png"/>
	<StartButtonSize value="43"/>
	<StartButtonAlign value="0"/>
	<CustomTaskbar value="1"/>
	<TaskbarLook value="Glass"/>
	<TaskbarOpacity value="4"/>
	<SkinA value="&lt;No Skin&gt;"/>
	<SkinVariationA value=""/>
	<SkinOptionsA>
	</SkinOptionsA>
</Settings>
